Scan	Pre	Sequence	Post	Modifications	Composition	ProteinName	ProteinDesc	ProteinLength	Start	End	Charge	MostAbundantIsotopeMz	Mass	Ms1Features	#MatchedFragments	Probability	SpecEValue	EValue	QValue	PepQValue
269	V	TDEMIGHKLGEFSPTRTYRGHAADKKAKKR	-		C(148) H(242) N(48) O(44) S(1)	SO_0235	ribosomal protein S19, RpsS	93	63	92	5	686.7658524	3427.789525	136	18	0.9972	2.168559E-15	9.335645E-12	0	0
256	M	AKAKFERSKPHVNVGTIGHVDHGKTTLTA	A	Acetyl 0	C(138) H(225) N(43) O(41) S(0)	SO_0217	translation elongation factor Tu, TufB	395	2	30	5	629.3448104	3140.684315	113	25	0.9994	1.027289E-12	4.422478E-09	0	0
260	V	TDEMIGHKLGEFSPTRTYRGHAADKKAKKR	-	Oxidation 4	C(148) H(242) N(48) O(45) S(1)	SO_0235	ribosomal protein S19, RpsS	93	63	92	6	575.1385755	3443.78444	138	14	0.4008	1.127886E-10	4.855551E-07	0	0
230	M	ATKTVKVTQTKSGIGRLPKHRATLT	G		C(117) H(210) N(38) O(34) S(0)	SO_0249	ribosomal protein L30, RpmD	61	2	26	5	539.5253808	2691.587167	0	23	0.2475	1.974817E-10	8.501585E-07	0	0
249	V	TDEMIGHKLGEFSPTRTYRGHAADKKAKKR	-	Oxidation 4	C(148) H(242) N(48) O(45) S(1)	SO_0235	ribosomal protein S19, RpsS	93	63	92	6	575.1385755	3443.78444	138	17	0.7159	2.08395E-10	8.971403E-07	0	0
268	V	TDEMIGHKLGEFSPTRTYRGHAADKKAKKR	-		C(148) H(242) N(48) O(44) S(1)	SO_0235	ribosomal protein S19, RpsS	93	63	92	6	572.4727564	3427.789525	136	18	0.33	1.024056E-09	4.408561E-06	0	0
262	V	TDEMIGHKLGEFSPTRTYRGHAADKKAKKR	-		C(148) H(242) N(48) O(44) S(1)	SO_0235	ribosomal protein S19, RpsS	93	63	92	6	572.4727564	3427.789525	136	14	0.2058	5.258691E-09	2.263866E-05	0	0
